SA2_name_usual_residence_address,SA2_name_educational_address,COMMUTE_TYPE,COUNT,TYPE,departure_SA22018_V1_NAME,departure_LATITUDE,departure_LONGITUDE,destination_SA22018_V1_NAME,destination_LATITUDE,destination_LONGITUDE,HAVERSINE_DISTANCE,DEPARTURE_NAME_2,DESTINATION_NAME_2
Flagstaff East,Flagstaff East,OTHER,6,EDUCATION,Flagstaff East,-37.73415885,175.25375047,Flagstaff East,-37.73415885,175.25375047,0.0,Hamilton,Hamilton
Alexandra North,Alexandra North,OTHER,6,EDUCATION,Alexandra North,-45.24363835,169.38984744,Alexandra North,-45.24363835,169.38984744,0.0,Central Otago,Central Otago
Rutland,Strowan,OTHER,15,EDUCATION,Rutland,-43.50650406,172.62267483,Strowan,-43.50761954,172.60874654,1.1301232505599421,Christchurch,Christchurch
Mission Bay,Auckland-University,OTHER,9,EDUCATION,Mission Bay,-36.855756,174.83237219,Auckland-University,-36.85143057,174.76906469,5.6532766430358645,Waitakere,Waitakere
Mount Roskill White Swan,Lynfield North,OTHER,9,EDUCATION,Mount Roskill White Swan,-36.91484469,174.72598544,Lynfield North,-36.91952771,174.71763043,0.9071169838199424,Waitakere,Waitakere
Omaio,Nayland,OTHER,9,EDUCATION,Omaio,-41.32459713,173.24438648,Nayland,-41.30432817,173.23648616,2.348404298427654,Nelson,Nelson
Karori South,Wellington University,OTHER,6,EDUCATION,Karori South,-41.28902351,174.73328551,Wellington University,-41.289084,174.7676253,2.8691240872878905,Wellington,Wellington
Hereworth,Karanema-St Hill,OTHER,6,EDUCATION,Hereworth,-39.67259367,176.89279269,Karanema-St Hill,-39.66451096,176.88627126,1.0579851379344871,Hastings city,Hastings city
Island Bay West,Newtown West,OTHER,15,EDUCATION,Island Bay West,-41.34095916,174.76904840000003,Newtown West,-41.31289315,174.77608237,3.1755885284352066,Wellington,Wellington
Merivale,Strowan,OTHER,6,EDUCATION,Merivale,-43.51635206,172.61911331,Strowan,-43.50761954,172.60874654,1.2813095396000418,Christchurch,Christchurch
Wairakei ,Motiti,OTHER,12,EDUCATION,Wairakei,-37.73298319,176.35904418,Motiti,-37.71900661,176.34389997,2.046782132429848,Western Bay of Plenty,Western Bay of Plenty
Sandringham East,Balmoral,OTHER,6,EDUCATION,Sandringham East,-36.89314875,174.73825366,Balmoral,-36.88723106,174.7449694,0.8886448072101478,Waitakere,Waitakere
Upper Riccarton,Ilam University,OTHER,9,EDUCATION,Upper Riccarton,-43.53514903,172.5690102,Ilam University,-43.52336127,172.57826459,1.5082008833069298,Christchurch,Christchurch
Lincoln West,Lincoln West,OTHER,9,EDUCATION,Lincoln West,-43.64345571,172.47791199,Lincoln West,-43.64345571,172.47791199,0.0,Selwyn,Selwyn
Heathcote Valley,Heathcote Valley,OTHER,9,EDUCATION,Heathcote Valley,-43.57763059,172.71241055,Heathcote Valley,-43.57763059,172.71241055,0.0,Christchurch,Christchurch
Temuka East,Temuka East,OTHER,9,EDUCATION,Temuka East,-44.24725922,171.29783677,Temuka East,-44.24725922,171.29783677,0.0,Timaru,Timaru
Mount Eden South,Auckland-University,OTHER,9,EDUCATION,Mount Eden South,-36.89582511,174.75448765,Auckland-University,-36.85143057,174.76906469,5.103902298065822,Waitakere,Waitakere
Bromley South,Bromley South,OTHER,6,EDUCATION,Bromley South,-43.53669331,172.68367216,Bromley South,-43.53669331,172.68367216,0.0,Christchurch,Christchurch
Greenlane North,Auckland-University,OTHER,6,EDUCATION,Greenlane North,-36.89157675,174.7929571,Auckland-University,-36.85143057,174.76906469,4.944165357773163,Waitakere,Waitakere
Wesley East,Mount Roskill Central North,OTHER,6,EDUCATION,Wesley East,-36.90326571,174.73405291,Mount Roskill Central North,-36.908804,174.74301108,1.006810322340315,Waitakere,Waitakere
Palm Beach South-Gravatt,Doncaster,OTHER,9,EDUCATION,Palm Beach South-Gravatt,-37.69834431,176.27636175,Doncaster,-37.71059488,176.29681832,2.257071830772833,Western Bay of Plenty,Western Bay of Plenty
Welbourn,Welbourn,OTHER,15,EDUCATION,Welbourn,-39.08571024,174.09311599999995,Welbourn,-39.08571024,174.09311599999995,0.0,New Plymouth,New Plymouth
Remuera West,Auckland-University,OTHER,9,EDUCATION,Remuera West,-36.87008743,174.78592756,Auckland-University,-36.85143057,174.76906469,2.5601651971406114,Waitakere,Waitakere
Island Bay West,Wellington University,OTHER,6,EDUCATION,Island Bay West,-41.34095916,174.76904840000003,Wellington University,-41.289084,174.7676253,5.7694789602843715,Wellington,Wellington
Jellie Park,Ilam University,OTHER,6,EDUCATION,Jellie Park,-43.51329391,172.58360326,Ilam University,-43.52336127,172.57826459,1.1993554851803356,Christchurch,Christchurch
St James,Rototuna South,OTHER,6,EDUCATION,St James,-37.73572255,175.28384883,Rototuna South,-37.73648973,175.26994776,1.2253937550198004,Hamilton,Hamilton
Aro Valley,Wellington University,OTHER,12,EDUCATION,Aro Valley,-41.29574618,174.75986554,Wellington University,-41.289084,174.7676253,0.9844182093280864,Wellington,Wellington
Bishopdale North,Bishopdale North,OTHER,9,EDUCATION,Bishopdale North,-43.48356448,172.58765972,Bishopdale North,-43.48356448,172.58765972,0.0,Christchurch,Christchurch
Mount Roskill Central North,Auckland-University,OTHER,6,EDUCATION,Mount Roskill Central North,-36.908804,174.74301108,Auckland-University,-36.85143057,174.76906469,6.787464484245795,Waitakere,Waitakere
Vivian West,Wellington University,OTHER,6,EDUCATION,Vivian West,-41.2946931,174.77283972,Wellington University,-41.289084,174.7676253,0.7607870048842491,Wellington,Wellington
Malvern,Strowan,OTHER,18,EDUCATION,Malvern,-43.5022149,172.63050731,Strowan,-43.50761954,172.60874654,1.8550781780266847,Christchurch,Christchurch
Northland (Wellington City),Wellington University,OTHER,9,EDUCATION,Northland (Wellington City),-41.27908062,174.76019207,Wellington University,-41.289084,174.7676253,1.2739826145211108,Wellington,Wellington
Strowan,Strowan,OTHER,30,EDUCATION,Strowan,-43.50761954,172.60874654,Strowan,-43.50761954,172.60874654,0.0,Christchurch,Christchurch
Island Bay East,Island Bay East,OTHER,9,EDUCATION,Island Bay East,-41.33666605,174.77592354,Island Bay East,-41.33666605,174.77592354,0.0,Wellington,Wellington
Rolleston Central,Rolleston North East,OTHER,9,EDUCATION,Rolleston Central,-43.60049642,172.37569815,Rolleston North East,-43.59059543,172.39602587,1.9727701817895569,Selwyn,Selwyn
Motueka West,Motueka West,OTHER,6,EDUCATION,Motueka West,-41.12544913,172.99560963,Motueka West,-41.12544913,172.99560963,0.0,Tasman,Tasman
Mountview,Hilltop (Taupo District),OTHER,6,EDUCATION,Mountview,-38.68673952,176.09245067,Hilltop (Taupo District),-38.69976213,176.09915047,1.5604302378724684,Taupo,Taupo
Dargaville,Dargaville,OTHER,6,EDUCATION,Dargaville,-35.93920158,173.86524045,Dargaville,-35.93920158,173.86524045,0.0,Kaipara,Kaipara
Grey Lynn Central,Auckland-University,OTHER,6,EDUCATION,Grey Lynn Central,-36.86209925,174.74622031,Auckland-University,-36.85143057,174.76906469,2.3533680528518532,Waitakere,Waitakere
Hamilton East Cook,Hillcrest West (Hamilton City),OTHER,6,EDUCATION,Hamilton East Cook,-37.7913507,175.30343068,Hillcrest West (Hamilton City),-37.79546663,175.31326581,0.9779112273769848,Hamilton,Hamilton
Prestons,Marshland,OTHER,9,EDUCATION,Prestons,-43.47713961,172.667796,Marshland,-43.46980091,172.64502745,2.01033942712578,Christchurch,Christchurch
Raumanga,Whangarei Central,OTHER,6,EDUCATION,Raumanga,-35.74968804,174.29896302,Whangarei Central,-35.72846995,174.32430322,3.2859201489749075,Whangarei,Whangarei
Epsom Central-North,Auckland-University,OTHER,6,EDUCATION,Epsom Central-North,-36.88779009,174.76992615,Auckland-University,-36.85143057,174.76906469,4.043720350911797,Waitakere,Waitakere
Otahuhu East,Otahuhu South,OTHER,6,EDUCATION,Otahuhu East,-36.93272301,174.86266819999997,Otahuhu South,-36.94719396,174.84996655,1.9655771044363481,Manukau,Manukau
New Windsor South,Auckland-University,OTHER,6,EDUCATION,New Windsor South,-36.90852211,174.71637156,Auckland-University,-36.85143057,174.76906469,7.890905332826708,Waitakere,Waitakere
Eden Terrace,Auckland-University,OTHER,6,EDUCATION,Eden Terrace,-36.86462613,174.75964083,Auckland-University,-36.85143057,174.76906469,1.6899372299842024,Waitakere,Waitakere
Island Bay East,Wellington University,OTHER,6,EDUCATION,Island Bay East,-41.33666605,174.77592354,Wellington University,-41.289084,174.7676253,5.336083383810338,Wellington,Wellington
Ilam North,Jellie Park,OTHER,6,EDUCATION,Ilam North,-43.51329549,172.5691116,Jellie Park,-43.51329391,172.58360326,1.1686101897126049,Christchurch,Christchurch
Burnside,Jellie Park,OTHER,6,EDUCATION,Burnside,-43.50309147,172.5759413,Jellie Park,-43.51329391,172.58360326,1.291826756631433,Christchurch,Christchurch
College Estate,College Estate,OTHER,12,EDUCATION,College Estate,-39.9305007,175.03470499,College Estate,-39.9305007,175.03470499,0.0,Wanganui,Wanganui
New Lynn South,New Lynn South,OTHER,6,EDUCATION,New Lynn South,-36.92110202,174.68283768,New Lynn South,-36.92110202,174.68283768,0.0,Waitakere,Waitakere
Merivale,Merivale,OTHER,9,EDUCATION,Merivale,-43.51635206,172.61911331,Merivale,-43.51635206,172.61911331,0.0,Christchurch,Christchurch
Halswell North,Halswell South,OTHER,6,EDUCATION,Halswell North,-43.57394904,172.5780119,Halswell South,-43.58945552,172.56528263,2.0060669002446674,Christchurch,Christchurch
Riverhead,Riverhead,OTHER,6,EDUCATION,Riverhead,-36.75810331,174.58371179,Riverhead,-36.75810331,174.58371179,0.0,Rodney,Rodney
Mount Eden West,Auckland-University,OTHER,6,EDUCATION,Mount Eden West,-36.88382084,174.75357383,Auckland-University,-36.85143057,174.76906469,3.8562641511650457,Waitakere,Waitakere
Hutt Central South,Hutt Central South,OTHER,9,EDUCATION,Hutt Central South,-41.21349159,174.90936129,Hutt Central South,-41.21349159,174.90936129,0.0,Hutt city,Hutt city
Gleniti South,Gleniti South,OTHER,6,EDUCATION,Gleniti South,-44.3836929,171.19636587,Gleniti South,-44.3836929,171.19636587,0.0,Timaru,Timaru
Rototuna Central,Rototuna North,OTHER,9,EDUCATION,Rototuna Central,-37.72662295,175.26539165,Rototuna North,-37.71737955,175.26505049,1.0282570975413268,Hamilton,Hamilton
Dunedin Central,Campus South,OTHER,9,EDUCATION,Dunedin Central,-45.87712471,170.50291221,Campus South,-45.86793792,170.51211679,1.2455282614699783,Dunedin,Dunedin
Deans Bush,Ilam University,OTHER,6,EDUCATION,Deans Bush,-43.52473249,172.59447189,Ilam University,-43.52336127,172.57826459,1.3155922348952152,Christchurch,Christchurch
Mount Eden North,Auckland-University,OTHER,6,EDUCATION,Mount Eden North,-36.8748348,174.76097949,Auckland-University,-36.85143057,174.76906469,2.7000053502164607,Waitakere,Waitakere
Ilam North,Ilam University,OTHER,15,EDUCATION,Ilam North,-43.51329549,172.5691116,Ilam University,-43.52336127,172.57826459,1.3406901781735128,Christchurch,Christchurch
Witherlea East,Witherlea East,OTHER,9,EDUCATION,Witherlea East,-41.53819682,173.9585948,Witherlea East,-41.53819682,173.9585948,0.0,Marlborough,Marlborough
Iona,Iona,OTHER,6,EDUCATION,Iona,-39.67719283,176.87643265,Iona,-39.67719283,176.87643265,0.0,Hastings city,Hastings city
Hornby South,Hornby West,OTHER,6,EDUCATION,Hornby South,-43.54829435,172.53309133,Hornby West,-43.54456745,172.5156459,1.4658301940331175,Christchurch,Christchurch
Hataitai North,Wellington University,OTHER,6,EDUCATION,Hataitai North,-41.30162529,174.79629811,Wellington University,-41.289084,174.7676253,2.7717628417396813,Wellington,Wellington
Raglan,Raglan,OTHER,9,EDUCATION,Raglan,-37.81138720000001,174.8538483,Raglan,-37.81138720000001,174.8538483,0.0,Waikato,Waikato
North East Valley Knox,Campus South,OTHER,18,EDUCATION,North East Valley Knox,-45.85238619,170.52237253,Campus South,-45.86793792,170.51211679,1.902920493420002,Dunedin,Dunedin
Burwood,Travis Wetlands,OTHER,6,EDUCATION,Burwood,-43.49555459,172.68488895,Travis Wetlands,-43.48560388,172.68870014,1.1483894914411297,Christchurch,Christchurch
Hillsborough West (Auckland),Auckland-University,OTHER,6,EDUCATION,Hillsborough West (Auckland),-36.91988593,174.74732339,Auckland-University,-36.85143057,174.76906469,7.8536443955442365,Waitakere,Waitakere
Huntly East,Huntly East,OTHER,6,EDUCATION,Huntly East,-37.55408564,175.16553246,Huntly East,-37.55408564,175.16553246,0.0,Waikato,Waikato
Karori South,Karori East,OTHER,6,EDUCATION,Karori South,-41.28902351,174.73328551,Karori East,-41.28702587,174.747422,1.2018388714042678,Wellington,Wellington
Rolleston South West,Rolleston South West,OTHER,18,EDUCATION,Rolleston South West,-43.6149097,172.37458523,Rolleston South West,-43.6149097,172.37458523,0.0,Selwyn,Selwyn
Stratford North,Stratford Central,OTHER,6,EDUCATION,Stratford North,-39.32802895,174.28261319,Stratford Central,-39.3375964,174.28910646,1.2015257510911064,Stratford,Stratford
Pegasus,Pegasus,OTHER,9,EDUCATION,Pegasus,-43.31136296,172.6965139,Pegasus,-43.31136296,172.6965139,0.0,Waimakariri,Waimakariri
Mountview,Taupo Central East,OTHER,6,EDUCATION,Mountview,-38.68673952,176.09245067,Taupo Central East,-38.68453849,176.08132064,0.9965766995734402,Taupo,Taupo
Omaio,Grampians,OTHER,6,EDUCATION,Omaio,-41.32459713,173.24438648,Grampians,-41.29660057,173.27351504,3.9509858914837306,Nelson,Nelson
Tawa South,Tawa Central,OTHER,9,EDUCATION,Tawa South,-41.18147753,174.81690066,Tawa Central,-41.17402334,174.82717262,1.1941917667641344,Wellington,Porirua
Newtown West,Wellington University,OTHER,6,EDUCATION,Newtown West,-41.31289315,174.77608237,Wellington University,-41.289084,174.7676253,2.7400949655000564,Wellington,Wellington
Papanui East,Strowan,OTHER,6,EDUCATION,Papanui East,-43.49804758,172.61506457,Strowan,-43.50761954,172.60874654,1.1800488364767825,Christchurch,Christchurch
The Brook,Rutherford,OTHER,9,EDUCATION,The Brook,-41.3006165,173.29144468,Rutherford,-41.28072441,173.28230759,2.3399287993544835,Nelson,Nelson
Wilton,Northland (Wellington City),OTHER,6,EDUCATION,Wilton,-41.26835527,174.76073653,Northland (Wellington City),-41.27908062,174.76019207,1.1934721726883883,Wellington,Wellington
Kelburn,Wellington University,OTHER,6,EDUCATION,Kelburn,-41.28798133,174.76045619,Wellington University,-41.289084,174.7676253,0.6114098210907954,Wellington,Wellington
Kaikohe,Kaikohe,OTHER,6,EDUCATION,Kaikohe,-35.40792422,173.79767516,Kaikohe,-35.40792422,173.79767516,0.0,Far North,Far North
Dixon Street,Wellington University,OTHER,9,EDUCATION,Dixon Street,-41.29101921,174.77469531,Wellington University,-41.289084,174.7676253,0.6286703078985575,Wellington,Wellington
Greensboro,Hillcrest West (Hamilton City),OTHER,12,EDUCATION,Greensboro,-37.78580589,175.31016401,Hillcrest West (Hamilton City),-37.79546663,175.31326581,1.108264526374517,Hamilton,Hamilton
Paraparaumu Beach East,Paraparaumu Beach East,OTHER,9,EDUCATION,Paraparaumu Beach East,-40.89483919,174.99338163,Paraparaumu Beach East,-40.89483919,174.99338163,0.0,Kapiti Coast,Kapiti Coast
Karori East,Wellington University,OTHER,6,EDUCATION,Karori East,-41.28702587,174.747422,Wellington University,-41.289084,174.7676253,1.7034700303134658,Wellington,Wellington
Tangiwai,Raetihi,OTHER,6,EDUCATION,Tangiwai,-39.36236325,175.16766499,Raetihi,-39.42926305,175.27603962,11.918933928166703,Ruapehu,Ruapehu
Mairehau North,Mairehau South,OTHER,6,EDUCATION,Mairehau North,-43.49292661,172.63819328,Mairehau South,-43.50208583,172.64539115,1.1723234995611098,Christchurch,Christchurch
Springlands,Springlands,OTHER,6,EDUCATION,Springlands,-41.50422292,173.93617831,Springlands,-41.50422292,173.93617831,0.0,Marlborough,Marlborough
Parnell West,Auckland-University,OTHER,9,EDUCATION,Parnell West,-36.85679261,174.77798053,Auckland-University,-36.85143057,174.76906469,0.9923641456621488,Waitakere,Waitakere
Gardens (Dunedin City),Campus South,OTHER,21,EDUCATION,Gardens (Dunedin City),-45.85877849,170.51916854,Campus South,-45.86793792,170.51211679,1.1556226596220582,Dunedin,Dunedin
Newtown West,Mount Cook East,OTHER,6,EDUCATION,Newtown West,-41.31289315,174.77608237,Mount Cook East,-41.30251481,174.77750144,1.160089982551634,Wellington,Wellington
Sockburn North,Ilam University,OTHER,6,EDUCATION,Sockburn North,-43.5324799,172.55741654,Ilam University,-43.52336127,172.57826459,1.9629358763196736,Christchurch,Christchurch
Stratford Central,Stratford Central,OTHER,6,EDUCATION,Stratford Central,-39.3375964,174.28910646,Stratford Central,-39.3375964,174.28910646,0.0,Stratford,Stratford
Redwood North,Redwood North,OTHER,6,EDUCATION,Redwood North,-43.46919569,172.62469572,Redwood North,-43.46919569,172.62469572,0.0,Christchurch,Christchurch
Mount Cook East,Vivian West,OTHER,6,EDUCATION,Mount Cook East,-41.30251481,174.77750144,Vivian West,-41.2946931,174.77283972,0.9529409000211886,Wellington,Wellington
Karori East,Karori East,OTHER,6,EDUCATION,Karori East,-41.28702587,174.747422,Karori East,-41.28702587,174.747422,0.0,Wellington,Wellington
Templemore,Templemore,OTHER,6,EDUCATION,Templemore,-41.34152248,173.20418736,Templemore,-41.34152248,173.20418736,0.0,Tasman,Tasman
McLean Park,Nelson Park,OTHER,6,EDUCATION,McLean Park,-39.5083024,176.9160949,Nelson Park,-39.49765371,176.90801557,1.372059958268525,Hastings,Hastings
Rutland,Papanui East,OTHER,6,EDUCATION,Rutland,-43.50650406,172.62267483,Papanui East,-43.49804758,172.61506457,1.1229219458314026,Christchurch,Christchurch
Sumner,Sumner,OTHER,9,EDUCATION,Sumner,-43.57493364,172.7635625,Sumner,-43.57493364,172.7635625,0.0,Christchurch,Christchurch
Rototuna South,Rototuna North,OTHER,6,EDUCATION,Rototuna South,-37.73648973,175.26994776,Rototuna North,-37.71737955,175.26505049,2.1681653957240634,Hamilton,Hamilton
Ruby Bay-Mapua,Ruby Bay-Mapua,OTHER,9,EDUCATION,Ruby Bay-Mapua,-41.24162526,173.08049026,Ruby Bay-Mapua,-41.24162526,173.08049026,0.0,Tasman,Tasman
Rolleston North East,Rolleston North East,OTHER,18,EDUCATION,Rolleston North East,-43.59059543,172.39602587,Rolleston North East,-43.59059543,172.39602587,0.0,Selwyn,Selwyn
New Brighton,South New Brighton,OTHER,12,EDUCATION,New Brighton,-43.51368514,172.72951195,South New Brighton,-43.53129617,172.73917693,2.107611989343309,Christchurch,
Rolleston North West,Rolleston North East,OTHER,9,EDUCATION,Rolleston North West,-43.60086348,172.36340669999996,Rolleston North East,-43.59059543,172.39602587,2.8642256998376667,Selwyn,Selwyn
Riccarton West,Ilam University,OTHER,12,EDUCATION,Riccarton West,-43.53414393,172.59138797,Ilam University,-43.52336127,172.57826459,1.5990345708890934,Christchurch,Christchurch
Malvern,Papanui East,OTHER,6,EDUCATION,Malvern,-43.5022149,172.63050731,Papanui East,-43.49804758,172.61506457,1.328979937530763,Christchurch,Christchurch
St Martins,St Martins,OTHER,12,EDUCATION,St Martins,-43.5572164,172.6539556,St Martins,-43.5572164,172.6539556,0.0,Christchurch,Christchurch
Motueka North,Motueka West,OTHER,9,EDUCATION,Motueka North,-41.1058919,173.01318855,Motueka West,-41.12544913,172.99560963,2.626366783557485,Tasman,Tasman
Karori Park,Wellington University,OTHER,6,EDUCATION,Karori Park,-41.28258876,174.72565725,Wellington University,-41.289084,174.7676253,3.5802408448160152,Wellington,Wellington
Papamoa Beach North,Doncaster,OTHER,12,EDUCATION,Papamoa Beach North,-37.702805700000006,176.29535171,Doncaster,-37.71059488,176.29681832,0.8756743277484401,Western Bay of Plenty,Western Bay of Plenty
Newmarket,Auckland-University,OTHER,6,EDUCATION,Newmarket,-36.86853889,174.77706299,Auckland-University,-36.85143057,174.76906469,2.0310898024325565,Waitakere,Waitakere
Pine Hill-Dalmore,Campus South,OTHER,12,EDUCATION,Pine Hill-Dalmore,-45.84825689,170.51388061,Campus South,-45.86793792,170.51211679,2.192689200261846,Dunedin,Dunedin
Motiti,Doncaster,OTHER,6,EDUCATION,Motiti,-37.71900661,176.34389997,Doncaster,-37.71059488,176.29681832,4.245728467341459,Western Bay of Plenty,Western Bay of Plenty
Bryndwr South,Strowan,OTHER,9,EDUCATION,Bryndwr South,-43.5066813,172.59635325,Strowan,-43.50761954,172.60874654,1.0049290663865973,Christchurch,Christchurch
Wharenui,Ilam University,OTHER,12,EDUCATION,Wharenui,-43.53501129,172.58050185,Ilam University,-43.52336127,172.57826459,1.307919259586138,Christchurch,Christchurch
Petone East,Petone East,OTHER,6,EDUCATION,Petone East,-41.2248184,174.89062655,Petone East,-41.2248184,174.89062655,0.0,Hutt city,Hutt city
Richmond (Invercargill City),Invercargill Central,OTHER,6,EDUCATION,Richmond (Invercargill City),-46.40719619,168.36918138,Invercargill Central,-46.41489239,168.32850731,3.2336411984953366,Invercargill,Invercargill
Silverstream (Upper Hutt City),Silverstream (Upper Hutt City),OTHER,9,EDUCATION,Silverstream (Upper Hutt City),-41.15226988,175.00981756,Silverstream (Upper Hutt City),-41.15226988,175.00981756,0.0,Upper Hutt,Upper Hutt
Otumoetai South,Bellevue,OTHER,6,EDUCATION,Otumoetai South,-37.67691846,176.14437130000005,Bellevue,-37.67938337,176.1292392,1.3596278653266298,Western Bay of Plenty,Western Bay of Plenty
Papatoetoe Central,Papatoetoe Central,OTHER,6,EDUCATION,Papatoetoe Central,-36.97461746,174.85800659,Papatoetoe Central,-36.97461746,174.85800659,0.0,Manukau,Manukau
Holmwood,Strowan,OTHER,9,EDUCATION,Holmwood,-43.519344,172.6084094,Strowan,-43.50761954,172.60874654,1.3039839127518702,Christchurch,Christchurch
Riccarton South,Ilam University,OTHER,12,EDUCATION,Riccarton South,-43.53444076,172.60196831,Ilam University,-43.52336127,172.57826459,2.2736796874073404,Christchurch,Christchurch
Rolleston Central,Rolleston South West,OTHER,12,EDUCATION,Rolleston Central,-43.60049642,172.37569815,Rolleston South West,-43.6149097,172.37458523,1.6051865677503898,Selwyn,Selwyn
Whangamata,Whangamata,OTHER,9,EDUCATION,Whangamata,-37.21349281,175.86658897,Whangamata,-37.21349281,175.86658897,0.0,Thames-Coromandel,Thames-Coromandel
Judea,Bellevue,OTHER,9,EDUCATION,Judea,-37.69516132,176.14345446,Bellevue,-37.67938337,176.1292392,2.1546932504509453,Western Bay of Plenty,Western Bay of Plenty
Rolleston North West,Springston,OTHER,9,EDUCATION,Rolleston North West,-43.60086348,172.36340669999996,Springston,-43.65558055,172.37556591,6.1624658850726926,Selwyn,Selwyn
Island Bay East,Newtown West,OTHER,12,EDUCATION,Island Bay East,-41.33666605,174.77592354,Newtown West,-41.31289315,174.77608237,2.6434591444999773,Wellington,Wellington
Bush Road,Seddon Park,OTHER,6,EDUCATION,Bush Road,-45.87310687,170.33831545,Seddon Park,-45.87666031,170.35643822,1.4575871203550381,Dunedin,Dunedin
Otahuhu South,Otahuhu South,OTHER,6,EDUCATION,Otahuhu South,-36.94719396,174.84996655,Otahuhu South,-36.94719396,174.84996655,0.0,Manukau,Manukau
Ilam University,Ilam University,OTHER,18,EDUCATION,Ilam University,-43.52336127,172.57826459,Ilam University,-43.52336127,172.57826459,0.0,Christchurch,Christchurch
Seatoun,Wellington University,OTHER,6,EDUCATION,Seatoun,-41.32569332,174.83335901,Wellington University,-41.289084,174.7676253,6.8350133318092,Wellington,Wellington
Taradale South,Tareha Reserve,OTHER,6,EDUCATION,Taradale South,-39.54323393,176.82989073,Tareha Reserve,-39.54400792,176.85143036,1.8489598659653517,Hastings,Hastings
Kingsbury,Ashgrove,OTHER,6,EDUCATION,Kingsbury,-43.29311511,172.58645499,Ashgrove,-43.30164492,172.5814134,1.0325055035847366,Waimakariri,Waimakariri
Maungaraki,Maungaraki,OTHER,6,EDUCATION,Maungaraki,-41.20840978,174.87990307,Maungaraki,-41.20840978,174.87990307,0.0,Hutt city,Hutt city
Royal Terrace,Campus South,OTHER,6,EDUCATION,Royal Terrace,-45.86668004,170.50466615,Campus South,-45.86793792,170.51211679,0.5935986880917206,Dunedin,Dunedin
Prebbleton,Prebbleton,OTHER,15,EDUCATION,Prebbleton,-43.57865333,172.50783629,Prebbleton,-43.57865333,172.50783629,0.0,Selwyn,Selwyn
Karori North,Wellington University,OTHER,6,EDUCATION,Karori North,-41.27758715,174.74437222,Wellington University,-41.289084,174.7676253,2.3258263691814607,Wellington,Wellington
Ilam South,Ilam University,OTHER,15,EDUCATION,Ilam South,-43.5243795,172.56260385,Ilam University,-43.52336127,172.57826459,1.2677297735319466,Christchurch,Christchurch
Campus West,Campus South,OTHER,9,EDUCATION,Campus West,-45.86290217,170.50786264,Campus South,-45.86793792,170.51211679,0.6496521019178203,Dunedin,Dunedin
Hataitai North,Pipitea-Kaiwharawhara,OTHER,9,EDUCATION,Hataitai North,-41.30162529,174.79629811,Pipitea-Kaiwharawhara,-41.27624822,174.78772639,2.9112660817859286,Wellington,Wellington
Allenton South,Allenton North,OTHER,6,EDUCATION,Allenton South,-43.89054116,171.73232663,Allenton North,-43.88205658,171.74512562,1.393616915970416,Ashburton,Ashburton
Waikowhai North,Hillsborough West (Auckland),OTHER,6,EDUCATION,Waikowhai North,-36.92587047,174.73998756,Hillsborough West (Auckland),-36.91988593,174.74732339,0.9317056828467908,Waitakere,Waitakere
Jellie Park,Jellie Park,OTHER,9,EDUCATION,Jellie Park,-43.51329391,172.58360326,Jellie Park,-43.51329391,172.58360326,0.0,Christchurch,Christchurch
Kingston-Mornington-Vogeltown,Wellington University,OTHER,9,EDUCATION,Kingston-Mornington-Vogeltown,-41.31951669,174.76580188,Wellington University,-41.289084,174.7676253,3.387386802439254,Wellington,Wellington
Outer Kaiti,Kaiti North,OTHER,6,EDUCATION,Outer Kaiti,-38.66939983,178.05655503,Kaiti North,-38.66763381,178.04468182,1.0493475203957667,Gisborne,Gisborne
Epsom North,Auckland-University,OTHER,9,EDUCATION,Epsom North,-36.87695838,174.77070996,Auckland-University,-36.85143057,174.76906469,2.8423340961769465,Waitakere,Waitakere
Mount Cook East,Wellington University,OTHER,6,EDUCATION,Mount Cook East,-41.30251481,174.77750144,Wellington University,-41.289084,174.7676253,1.7061956941672174,Wellington,Wellington
Island Bay West,Island Bay East,OTHER,6,EDUCATION,Island Bay West,-41.34095916,174.76904840000003,Island Bay East,-41.33666605,174.77592354,0.7465539852208242,Wellington,Wellington
Te Puke West,Te Puke East,OTHER,6,EDUCATION,Te Puke West,-37.7881496,176.3108254,Te Puke East,-37.7898618,176.32555033,1.3078746162048436,Western Bay of Plenty,Western Bay of Plenty
Redcastle,Dannemora North,OTHER,6,EDUCATION,Redcastle,-36.94313907,174.90527124,Dannemora North,-36.94584124,174.91221484,0.6863360715066974,Manukau,Manukau
Holmwood,Merivale,OTHER,6,EDUCATION,Holmwood,-43.519344,172.6084094,Merivale,-43.51635206,172.61911331,0.9249992374139352,Christchurch,Christchurch
Papamoa Beach South,Doncaster,OTHER,6,EDUCATION,Papamoa Beach South,-37.70757761,176.31110176,Doncaster,-37.71059488,176.29681832,1.3005249030690458,Western Bay of Plenty,Western Bay of Plenty
Bishopdale North,Bishopdale West,OTHER,9,EDUCATION,Bishopdale North,-43.48356448,172.58765972,Bishopdale West,-43.48933117,172.57900137,0.9482109059694388,Christchurch,Christchurch
Grey Lynn North,Auckland-University,OTHER,6,EDUCATION,Grey Lynn North,-36.85879216,174.73576481,Auckland-University,-36.85143057,174.76906469,3.0737950148154867,Waitakere,Waitakere
Papanui East,Northcote (Christchurch City),OTHER,6,EDUCATION,Papanui East,-43.49804758,172.61506457,Northcote (Christchurch City),-43.48988035,172.61871397,0.95467573235473,Christchurch,Christchurch
Andersons Bay,St Kilda North,OTHER,6,EDUCATION,Andersons Bay,-45.8982685,170.53683509,St Kilda North,-45.90351204,170.51329176,1.9128274246090773,Dunedin,Dunedin
St Albans North,Strowan,OTHER,6,EDUCATION,St Albans North,-43.5100332,172.63729113,Strowan,-43.50761954,172.60874654,2.317604018754563,Christchurch,Christchurch
Campus South,Campus South,OTHER,9,EDUCATION,Campus South,-45.86793792,170.51211679,Campus South,-45.86793792,170.51211679,0.0,Dunedin,Dunedin
Papanui West,Strowan,OTHER,18,EDUCATION,Papanui West,-43.49681218,172.60013645,Strowan,-43.50761954,172.60874654,1.3879466339494824,Christchurch,Christchurch
Seatoun,Seatoun,OTHER,6,EDUCATION,Seatoun,-41.32569332,174.83335901,Seatoun,-41.32569332,174.83335901,0.0,Wellington,Wellington
Sovereign Palms,Sovereign Palms,OTHER,12,EDUCATION,Sovereign Palms,-43.36711702,172.66837672,Sovereign Palms,-43.36711702,172.66837672,0.0,Waimakariri,Waimakariri
Bush Inn,Ilam University,OTHER,21,EDUCATION,Bush Inn,-43.52942223,172.576402,Ilam University,-43.52336127,172.57826459,0.6904752275536294,Christchurch,Christchurch
Sandringham North,Auckland-University,OTHER,6,EDUCATION,Sandringham North,-36.88053268,174.73988878,Auckland-University,-36.85143057,174.76906469,4.1482983943009595,Waitakere,Waitakere
